final_mlp_training_time,start_final_mlp_train,end_final_mlp_train,start_pred_time,end_pred_time,prediction_time,true_positive,true_negative,false_positive,false_negative,auc_score,pauc_score,accuracy,macro_avg_precision,macro_avg_recall,macro_avg_f1,weighted_avg_precision,weighted_avg_recall,weighted_avg_f1,normal_precision,normal_recall,normal_f1,anomaly_precision,anomaly_recall,anomaly_f1,hp_search_time,model_name,macs,n_params_mlp,model_size_bytes
2.824904441833496,1748197369.3727827,1748197372.1976871,1748197372.19775,1748197372.1986558,0.0009057521820068359,4,117,10,69,0.4683421421637364,0.49003400530232927,0.605,0.4573732718894009,0.48802718153381514,0.4197789284271602,0.503721198156682,0.605,0.5082916528955969,0.6290322580645161,0.9212598425196851,0.7476038338658146,0.2857142857142857,0.0547945205479452,0.09195402298850575,903.4105198383331,RACE_Aggregated_MLP_step1,5664,5773,164384
