final_mlp_training_time,start_final_mlp_train,end_final_mlp_train,start_pred_time,end_pred_time,prediction_time,true_positive,true_negative,false_positive,false_negative,auc_score,pauc_score,accuracy,macro_avg_precision,macro_avg_recall,macro_avg_f1,weighted_avg_precision,weighted_avg_recall,weighted_avg_f1,normal_precision,normal_recall,normal_f1,anomaly_precision,anomaly_recall,anomaly_f1,hp_search_time,model_name,macs,n_params_mlp,model_size_bytes
2.625638484954834,1748198640.626612,1748198643.2522504,1748198643.2523112,1748198643.253226,0.0009148120880126953,18,133,10,39,0.6796712059869955,0.6051501591667796,0.755,0.7080564784053156,0.6229297018770703,0.6339869281045752,0.73609219269103,0.755,0.7244836601307191,0.7732558139534884,0.9300699300699301,0.8444444444444446,0.6428571428571429,0.3157894736842105,0.4235294117647059,1181.9619319438934,RACE_Aggregated_MLP_step1,5664,5773,162408
