final_mlp_training_time,start_final_mlp_train,end_final_mlp_train,start_pred_time,end_pred_time,prediction_time,true_positive,true_negative,false_positive,false_negative,auc_score,pauc_score,accuracy,macro_avg_precision,macro_avg_recall,macro_avg_f1,weighted_avg_precision,weighted_avg_recall,weighted_avg_f1,normal_precision,normal_recall,normal_f1,anomaly_precision,anomaly_recall,anomaly_f1,hp_search_time,model_name,macs,n_params_mlp,model_size_bytes
3.2677128314971924,1748183122.7275972,1748183125.99531,1748183125.9953709,1748183125.99697,0.0015990734100341797,13,129,14,44,0.534781008465219,0.5685385713086544,0.71,0.6135731106829373,0.5650840387682493,0.5629897528631707,0.6703725112395632,0.71,0.671980108499096,0.7456647398843931,0.9020979020979021,0.8164556962025318,0.48148148148148145,0.22807017543859648,0.30952380952380953,668.2426002025604,RACE_Aggregated_MLP_step1,34464,34573,848453
