final_mlp_training_time,start_final_mlp_train,end_final_mlp_train,start_pred_time,end_pred_time,prediction_time,true_positive,true_negative,false_positive,false_negative,auc_score,pauc_score,accuracy,macro_avg_precision,macro_avg_recall,macro_avg_f1,weighted_avg_precision,weighted_avg_recall,weighted_avg_f1,normal_precision,normal_recall,normal_f1,anomaly_precision,anomaly_recall,anomaly_f1,hp_search_time,model_name,macs,n_params_mlp,model_size_bytes
0.7470700740814209,1748183489.415052,1748183490.162122,1748183490.1621735,1748183490.163085,0.0009114742279052734,13,91,10,86,0.5154515451545154,0.504950495049505,0.52,0.5396708425448293,0.5161516151615162,0.43389550654558323,0.5394153770572341,0.52,0.4361033140700555,0.5141242937853108,0.900990099009901,0.6546762589928058,0.5652173913043478,0.13131313131313133,0.21311475409836067,281.81487917900085,RACE_Aggregated_MLP_step1,5664,5773,147702
