R2,RMSE,Train Time,Predict Time,Total Time
0.776814877986908,19.63190181033811,10.728790760040283,0.007879495620727539,10.743788242340088
