R2,RMSE,Train Time,Predict Time,Total Time
0.2709483504295349,46.55487992121296,14.662262916564941,0.003548860549926758,14.671389102935791
