R2,RMSE,Train Time,Predict Time,Total Time
0.5512617826461792,36.025299157971894,20.287808179855347,0.0032792091369628906,20.296083211898804
