R2,RMSE,Train Time,Predict Time,Total Time
0.7902483940124512,18.958636128525388,11.209784030914307,0.0014858245849609375,11.214430093765259
