final_mlp_training_time,start_final_mlp_train,end_final_mlp_train,start_pred_time,end_pred_time,prediction_time,true_positive,true_negative,false_positive,false_negative,auc_score,pauc_score,accuracy,macro_avg_precision,macro_avg_recall,macro_avg_f1,weighted_avg_precision,weighted_avg_recall,weighted_avg_f1,normal_precision,normal_recall,normal_f1,anomaly_precision,anomaly_recall,anomaly_f1,hp_search_time,model_name,macs,n_params_mlp,model_size_bytes
1.570725917816162,1748199793.2232952,1748199794.7940211,1748199794.7940524,1748199794.794889,0.0008366107940673828,32,83,18,67,0.5858585858585859,0.5243208531379454,0.575,0.5966666666666667,0.5725072507250725,0.5454423915077944,0.5962333333333334,0.575,0.5466015134094494,0.5533333333333333,0.8217821782178217,0.6613545816733067,0.64,0.32323232323232326,0.4295302013422819,1075.9341776371002,RACE_Aggregated_MLP_step1,5664,5773,153403
