true_positive,true_negative,false_positive,false_negative,auc_score,pauc_score,start_train_time,end_train_time,start_prediction_time,end_prediction_time,train_time_s,pred_time_s,model_name,n_model_parameters,accuracy,macro_avg_precision,macro_avg_recall,macro_avg_f1,weighted_avg_precision,weighted_avg_recall,weighted_avg_f1,normal_precision,normal_recall,normal_f1,anomaly_precision,anomaly_recall,anomaly_f1,macs,params_thop,model_size_bytes
4,119,8,69,0.5405026426491208,0.5016151099353389,1748173632.5845523,1748174143.6304908,1748174146.2389524,1748174146.3946092,511.0459384918213,0.1556568145751953,AENet_MelSpec_Baseline,267928,0.615,0.48315602836879434,0.4959011972818466,0.42483660130718953,0.5236081560283687,0.615,0.5141307189542483,0.6329787234042553,0.937007874015748,0.7555555555555555,0.3333333333333333,0.0547945205479452,0.09411764705882353,268320.0,267928.0,4379746
