true_positive,true_negative,false_positive,false_negative,auc_score,pauc_score,start_train_time,end_train_time,start_prediction_time,end_prediction_time,train_time_s,pred_time_s,model_name,n_model_parameters,accuracy,macro_avg_precision,macro_avg_recall,macro_avg_f1,weighted_avg_precision,weighted_avg_recall,weighted_avg_f1,normal_precision,normal_recall,normal_f1,anomaly_precision,anomaly_recall,anomaly_f1,macs,params_thop,model_size_bytes
5,130,13,52,0.5205496258127837,0.5129431971537235,1748174158.950244,1748174673.7269094,1748174676.3850634,1748174676.5420132,514.7766654491425,0.15694975852966309,AENet_MelSpec_Baseline,267928,0.675,0.49603174603174605,0.4984051036682615,0.4666666666666667,0.5898809523809523,0.675,0.61,0.7142857142857143,0.9090909090909091,0.8,0.2777777777777778,0.08771929824561403,0.13333333333333333,268320.0,267928.0,4379746
