true_positive,true_negative,false_positive,false_negative,auc_score,pauc_score,start_train_time,end_train_time,start_prediction_time,end_prediction_time,train_time_s,pred_time_s,model_name,n_model_parameters,accuracy,macro_avg_precision,macro_avg_recall,macro_avg_f1,weighted_avg_precision,weighted_avg_recall,weighted_avg_f1,normal_precision,normal_recall,normal_f1,anomaly_precision,anomaly_recall,anomaly_f1,macs,params_thop,model_size_bytes
3,92,9,96,0.5136513651365137,0.4850537685347482,1748174689.1233344,1748175205.2200985,1748175207.9114382,1748175208.0700903,516.096764087677,0.15865206718444824,AENet_MelSpec_Baseline,267928,0.475,0.36968085106382975,0.4705970597059706,0.3453661273730478,0.37087765957446805,0.475,0.3482792481062377,0.48936170212765956,0.9108910891089109,0.6366782006920415,0.25,0.030303030303030304,0.054054054054054064,268320.0,267928.0,4379675
