{
    "layer_1": {
        "units": 500,
        "RC_node_type": "IPESN",
        "sr": 0.38604079438170286,
        "lr": 0.5016511291859487,
        "input_scaling": 0.565681145773681,
        "connectivity": 0.2020531768947848,
        "activation": "tanh",
        "mu": 0.033754576775487724,
        "learning_rate": 0.0016511217722078148
    }
}