units,RC_node_type,sr,lr,input_scaling,connectivity,activation
5,ESN,0.5390843048992874,0.4034603530148191,0.2513252377675749,0.01,tanh
