units,RC_node_type,sr,lr,input_scaling,connectivity,activation,mu,learning_rate
5,IPESN,0.6803809256966551,0.9371243375959886,0.2513252377675749,0.01,sigmoid,0.0,0.0022702608040701578
