units,RC_node_type,sr,lr,input_scaling,connectivity,activation
25,ESN,1.0719553971762168,0.8479811600965713,0.18716073271502504,0.5,tanh
